"LineNumber","Line"
"51",".catalog-card {"
"57",".catalog-card,"
"944",".related-media-container.is-collapsed .catalog-card {"
"1055",".catalog-card {"
"1068",".catalog-card:hover {"
"1075",".catalog-card img {"
"1082",".catalog-card:hover img {"
"1454","  .catalog-title {"
"1747",".catalog-card:focus-visible,"
"2801",".catalog-card {"
"2812",".catalog-card:hover {"
"2817","  .catalog-card:hover {"
"2823","  .catalog-card:hover img {"
"2916",".catalog-card.is-navigating {"
"2922",".catalog-card img {"
"2931",".catalog-card:hover img {"
"2935",".catalog-card.is-navigating img {"
"2939",".catalog-card::after {"
"2958",".catalog-copy {"
"2982",".catalog-title {"
"3745","  .catalog-card {"
"3844",".catalog-card {"
"3854",".catalog-card:active {"
"4529",".catalog-card,"
"4633",".catalog-card {"
"4637",".catalog-card,"
"4638",".catalog-card img,"
"4650",".catalog-card img {"
"5057",".catalog-card img,"
"5066",".catalog-card {"
"5099",".catalog-card,"
"5100",".catalog-card img,"
"5106",".catalog-card,"
"5199","  .catalog-card {"
"5204","  .catalog-title {"
"6174",".catalog-card {"
"6179",".catalog-card.is-visible {"
"6184",".catalog-card:nth-child(1)  { animation-delay: calc(var(--stagger-base) * 0); }"
"6185",".catalog-card:nth-child(2)  { animation-delay: calc(var(--stagger-base) * 1); }"
"6186",".catalog-card:nth-child(3)  { animation-delay: calc(var(--stagger-base) * 2); }"
"6187",".catalog-card:nth-child(4)  { animation-delay: calc(var(--stagger-base) * 3); }"
"6188",".catalog-card:nth-child(5)  { animation-delay: calc(var(--stagger-base) * 4); }"
"6189",".catalog-card:nth-child(6)  { animation-delay: calc(var(--stagger-base) * 5); }"
"6190",".catalog-card:nth-child(7)  { animation-delay: calc(var(--stagger-base) * 6); }"
"6191",".catalog-card:nth-child(8)  { animation-delay: calc(var(--stagger-base) * 7); }"
"6192",".catalog-card:nth-child(9)  { animation-delay: calc(var(--stagger-base) * 8); }"
"6193",".catalog-card:nth-child(10) { animation-delay: calc(var(--stagger-base) * 9); }"
"6194",".catalog-card:nth-child(11) { animation-delay: calc(var(--stagger-base) * 10); }"
"6195",".catalog-card:nth-child(12) { animation-delay: calc(var(--stagger-base) * 11); }"
"6196",".catalog-card:nth-child(n+13) { animation-delay: calc(var(--stagger-base) * 12); }"
"6200",".catalog-card img {"
"6205",".catalog-card img.img-loaded {"
"6239",".catalog-card:hover {"
"6246","  .catalog-card,"
"6259","  .catalog-card img {"
"6267",".catalog-card img.img-loaded {"
"6298",".catalog-grid .catalog-card {"
"6303",".catalog-grid .catalog-card.is-visible {"
"6353",".catalog-card img.img-loaded {"
"6377",".catalog-grid .catalog-card {"
"6382",".catalog-grid .catalog-card.is-visible {"
"6398","  .catalog-card {"
"6405","  .catalog-card img {"
"6553",".catalog-card,"
"6554",".catalog-grid .catalog-card {"
"6558",".catalog-card img {"
"6937",".catalog-card,"
"6938",".catalog-grid .catalog-card {"
"6942",".catalog-card img,"
"6948",".catalog-copy {"
"7036","  .catalog-card {"
"7059","  .catalog-card {"
"7063","  .catalog-title {"
"7157",".catalog-card,"
"7158",".catalog-grid .catalog-card,"
"7170",".catalog-card img,"
"7179",".catalog-card {"
"7189",".catalog-card::before {"
"7204",".catalog-card.has-media-loaded::before {"
"7208",".catalog-card-loader {"
"7221",".catalog-card.is-navigating .catalog-copy,"
"7222",".catalog-card.is-navigating .catalog-sheen {"
"7226",".catalog-card-skeleton {"
"7231",".catalog-card-skeleton::before,"
"7232",".catalog-card-skeleton::after,"
"7233",".catalog-card-skeleton .catalog-sheen {"
"7237",".catalog-card-skeleton-media,"
"7246",".catalog-card-skeleton-media {"
"7276",".catalog-copy {"
"7284",".catalog-genres {"
"7292",".catalog-title {"
"7297",".catalog-card img {"
"7320","  .catalog-genres {"
"7324","  .catalog-card {"
"7373",".catalog-grid .catalog-card {"
"7378",".catalog-grid .catalog-card.is-visible {"
"7382",".catalog-card:nth-child(1)  { animation-delay: 0ms; }"
"7383",".catalog-card:nth-child(2)  { animation-delay: 14ms; }"
"7384",".catalog-card:nth-child(3)  { animation-delay: 28ms; }"
"7385",".catalog-card:nth-child(4)  { animation-delay: 42ms; }"
"7386",".catalog-card:nth-child(5)  { animation-delay: 56ms; }"
"7387",".catalog-card:nth-child(6)  { animation-delay: 70ms; }"
"7388",".catalog-card:nth-child(n+7) { animation-delay: 84ms; }"
"7390",".catalog-card,"
"7403",".catalog-card img,"
"7412",".catalog-card img {"
"7417",".catalog-card.has-media-loaded img {"
"8010","  .catalog-card {"
"9168",".catalog-card,"
"10546","  .catalog-card {"
"10552","  .catalog-copy {"
"10557","  .catalog-title {"
"10563","  .catalog-genres {"
"10568","  .catalog-card .pill {"
"10575","    .catalog-card:hover .catalog-title {"
"10611","  .catalog-card {"
"10616","  .catalog-title {"
"10621","  .catalog-genres {"
"10969","  .catalog-card {"
"11329",".catalog-genres,"
"11364",".catalog-card {"
"11369",".catalog-copy {"
"11373",".catalog-title {"
"11633","  .catalog-card {"
"11637","  .catalog-copy {"
"11691",".catalog-card {"
"11702",".home-media-grid .catalog-card,"
"11703",".profile-media-grid .catalog-card {"
"11768",".catalog-copy {"
"11776",".catalog-title {"
"11781",".catalog-genres {"
"11785",".catalog-card::after {"
"12124",".catalog-card {"
"12129",".catalog-copy {"
"12134",".catalog-title {"
"12186","  .catalog-card {"
"12213","  .catalog-card {"
"12218","  .catalog-copy {"
"12330",".catalog-title,"
"12434",".catalog-card,"
"12446",".catalog-card::after,"
"12466","  .catalog-copy {"
"12486","  .catalog-card:hover,"
"12487","  .catalog-card:focus-visible {"
"12495","  .catalog-card:hover::before,"
"12496","  .catalog-card:focus-visible::before {"
"12501","  .catalog-card:hover::after,"
"12502","  .catalog-card:focus-visible::after {"
"12509","  .catalog-card:hover img,"
"12510","  .catalog-card:focus-visible img {"
"12515","  .catalog-card:hover .catalog-sheen,"
"12516","  .catalog-card:focus-visible .catalog-sheen {"
"12520","  .catalog-card:hover .catalog-copy,"
"12521","  .catalog-card:focus-visible .catalog-copy {"
"12525","  .catalog-card:hover .catalog-title,"
"12526","  .catalog-card:focus-visible .catalog-title {"
"12767","#home-tv-shows .home-media-grid .catalog-card,"
"12768","#home-movie .home-media-grid .catalog-card,"
"12769","#home-anime .home-media-grid .catalog-card,"
"12770","#home-game .home-media-grid .catalog-card {"
"13707",".sidebar, .catalog-card, .workspace-hero, .detail-hero, .app-topbar {"
"13724","  .catalog-card {"
"13841",".catalog-card-media {"
"13846",".catalog-card-gradient {"
"13856",".catalog-copy {"
"13863",".catalog-title {"
"14024",".catalog-card::after {"
"14031",".catalog-copy {"
"14037",".catalog-card.has-user-rating .catalog-copy {"
"14041",".catalog-card.has-user-rating .catalog-user-rating-row {"
"14048",".catalog-card.has-user-rating .catalog-user-rating-label {"
"14053",".catalog-card.has-user-rating .catalog-user-rating-stars {"
"14059",".profile-media-grid .catalog-card {"
"14063",".profile-media-grid .catalog-card .catalog-card-media {"
"14135","  .catalog-copy {"
"14139","  .catalog-card.has-user-rating .catalog-user-rating-row {"
"14404",".catalog-card {"
"14416",".catalog-card-media {"
"14422",".catalog-card img {"
"14431",".catalog-card:hover {"
"14437",".catalog-card:hover img {"
"14441",".catalog-copy {"
"14465",".catalog-card:hover .catalog-copy {"
"14479",".catalog-title {"
"14496",".catalog-genres {"
"14514",".catalog-card .pill {"
"14527",".catalog-card .pill.rating {"
"14571",".catalog-card-hover-overlay,"
"14573",".catalog-card-gradient {"
"14578","  .catalog-card {"
"14582","  .catalog-title {"
